<?xml version="1.0" encoding="UTF-8"?>
<project-private xmlns="http://www.netbeans.org/ns/project-private/1">
    <editor-bookmarks xmlns="http://www.netbeans.org/ns/editor-bookmarks/2" lastBookmarkId="0"/>
    <open-files xmlns="http://www.netbeans.org/ns/projectui-open-files/2">
        <group>
            <file>file:/C:/project/cleaning_services/web/services.jsp</file>
            <file>file:/C:/project/cleaning_services/web/index.html</file>
            <file>file:/C:/project/cleaning_services/web/query.jsp</file>
            <file>file:/C:/project/cleaning_services/web/Myorder.jsp</file>
            <file>file:/C:/project/cleaning_services/web/roleselection.html</file>
            <file>file:/C:/project/cleaning_services/web/submitService.jsp</file>
            <file>file:/C:/project/cleaning_services/web/MyWorks.jsp</file>
            <file>file:/C:/project/cleaning_services/web/payment.jsp</file>
            <file>file:/C:/project/cleaning_services/web/admin.jsp</file>
            <file>file:/C:/project/cleaning_services/web/serviceprovidersignup.jsp</file>
        </group>
    </open-files>
</project-private>
